{
  "full": {
    "val_ece": 6.255942916120154e-05,
    "val_auroc": 1.0,
    "te_ece": 0.00012738140960481714,
    "te_auroc": 1.0,
    "final_loss": 0.0005786443655640874,
    "time_s": 34.5,
    "stratified": {
      "50-65\u00b0": {
        "n": 257,
        "AUROC": 1.0,
        "AUPRC": 1.0,
        "ECE": 0.00015828326761909193
      },
      "65-75\u00b0": {
        "n": 2600,
        "AUROC": 1.0,
        "AUPRC": 1.0,
        "ECE": 0.00014105692818422818
      },
      "75-85\u00b0": {
        "n": 4713,
        "AUROC": 0.9999999999999999,
        "AUPRC": 1.0,
        "ECE": 0.00010866371823826555
      },
      "85-90\u00b0": {
        "n": 954,
        "AUROC": 1.0,
        "AUPRC": 0.9999999999999998,
        "ECE": 0.00017423459386186523
      }
    },
    "soft": {
      "mean_prob": 0.2757270336151123,
      "std_prob": 0.34594443440437317,
      "mean_uncertainty": 0.23422591388225555,
      "frac_above_half": 0.24992240187364204,
      "by_elevation": {
        "50-65\u00b0": {
          "mean_prob": 0.2801167666912079,
          "mean_uncertainty": 0.24069102108478546,
          "n": 2042
        },
        "65-75\u00b0": {
          "mean_prob": 0.27526748180389404,
          "mean_uncertainty": 0.2344982773065567,
          "n": 21722
        },
        "75-85\u00b0": {
          "mean_prob": 0.27586275339126587,
          "mean_uncertainty": 0.23332850635051727,
          "n": 39590
        },
        "85-90\u00b0": {
          "mean_prob": 0.2751482129096985,
          "mean_uncertainty": 0.23640704154968262,
          "n": 7524
        }
      }
    }
  },
  "no_elev": {
    "val_ece": 5.950559733510573e-05,
    "val_auroc": 1.0,
    "te_ece": 0.00011785772182022237,
    "te_auroc": 1.0,
    "final_loss": 0.0005746627810199127,
    "time_s": 27.4,
    "stratified": {
      "50-65\u00b0": {
        "n": 257,
        "AUROC": 1.0,
        "AUPRC": 1.0000000000000002,
        "ECE": 0.0001293282783696707
      },
      "65-75\u00b0": {
        "n": 2600,
        "AUROC": 1.0,
        "AUPRC": 1.0,
        "ECE": 0.00013475177631055256
      },
      "75-85\u00b0": {
        "n": 4713,
        "AUROC": 1.0,
        "AUPRC": 1.0,
        "ECE": 0.00010038584473725359
      },
      "85-90\u00b0": {
        "n": 954,
        "AUROC": 1.0,
        "AUPRC": 1.0,
        "ECE": 0.00015501543688290094
      }
    },
    "soft": {
      "mean_prob": 0.27706605195999146,
      "std_prob": 0.3465486168861389,
      "mean_uncertainty": 0.234608456492424,
      "frac_above_half": 0.25092412314117213,
      "by_elevation": {
        "50-65\u00b0": {
          "mean_prob": 0.27859047055244446,
          "mean_uncertainty": 0.2345702052116394,
          "n": 2042
        },
        "65-75\u00b0": {
          "mean_prob": 0.2756451368331909,
          "mean_uncertainty": 0.2344278246164322,
          "n": 21722
        },
        "75-85\u00b0": {
          "mean_prob": 0.27772775292396545,
          "mean_uncertainty": 0.23465827107429504,
          "n": 39590
        },
        "85-90\u00b0": {
          "mean_prob": 0.2772728204727173,
          "mean_uncertainty": 0.23487818241119385,
          "n": 7524
        }
      }
    }
  },
  "single_rbf": {
    "val_ece": 0.00015850784805055828,
    "val_auroc": 1.0,
    "te_ece": 0.0006386584437506667,
    "te_auroc": 1.0,
    "final_loss": 0.0004672913578945388,
    "time_s": 25.1,
    "stratified": {
      "50-65\u00b0": {
        "n": 257,
        "AUROC": 1.0,
        "AUPRC": 0.9999999999999999,
        "ECE": 0.0010948484013371662
      },
      "65-75\u00b0": {
        "n": 2600,
        "AUROC": 1.0,
        "AUPRC": 1.0,
        "ECE": 0.0007415794992210486
      },
      "75-85\u00b0": {
        "n": 4713,
        "AUROC": 1.0,
        "AUPRC": 1.0,
        "ECE": 0.0005137665054877265
      },
      "85-90\u00b0": {
        "n": 954,
        "AUROC": 1.0,
        "AUPRC": 1.0000000000000002,
        "ECE": 0.0008522752760355488
      }
    },
    "soft": {
      "mean_prob": 0.24665287137031555,
      "std_prob": 0.33310699462890625,
      "mean_uncertainty": 0.22221724689006805,
      "frac_above_half": 0.22118287762070035,
      "by_elevation": {
        "50-65\u00b0": {
          "mean_prob": 0.24720704555511475,
          "mean_uncertainty": 0.24637462198734283,
          "n": 2042
        },
        "65-75\u00b0": {
          "mean_prob": 0.2450593113899231,
          "mean_uncertainty": 0.22178587317466736,
          "n": 21722
        },
        "75-85\u00b0": {
          "mean_prob": 0.24736762046813965,
          "mean_uncertainty": 0.21924042701721191,
          "n": 39590
        },
        "85-90\u00b0": {
          "mean_prob": 0.24734236299991608,
          "mean_uncertainty": 0.23257015645503998,
          "n": 7524
        }
      }
    }
  },
  "spec_only": {
    "val_ece": 5.950559733510573e-05,
    "val_auroc": 1.0,
    "te_ece": 0.00011785772182022237,
    "te_auroc": 1.0,
    "final_loss": 0.0005746627810199127,
    "time_s": 29.9,
    "stratified": {
      "50-65\u00b0": {
        "n": 257,
        "AUROC": 1.0,
        "AUPRC": 1.0000000000000002,
        "ECE": 0.0001293282783696707
      },
      "65-75\u00b0": {
        "n": 2600,
        "AUROC": 1.0,
        "AUPRC": 1.0,
        "ECE": 0.00013475177631055256
      },
      "75-85\u00b0": {
        "n": 4713,
        "AUROC": 1.0,
        "AUPRC": 1.0,
        "ECE": 0.00010038584473725359
      },
      "85-90\u00b0": {
        "n": 954,
        "AUROC": 1.0,
        "AUPRC": 1.0,
        "ECE": 0.00015501543688290094
      }
    },
    "soft": {
      "mean_prob": 0.27706605195999146,
      "std_prob": 0.3465486168861389,
      "mean_uncertainty": 0.234608456492424,
      "frac_above_half": 0.25092412314117213,
      "by_elevation": {
        "50-65\u00b0": {
          "mean_prob": 0.27859047055244446,
          "mean_uncertainty": 0.2345702052116394,
          "n": 2042
        },
        "65-75\u00b0": {
          "mean_prob": 0.2756451368331909,
          "mean_uncertainty": 0.2344278246164322,
          "n": 21722
        },
        "75-85\u00b0": {
          "mean_prob": 0.27772775292396545,
          "mean_uncertainty": 0.23465827107429504,
          "n": 39590
        },
        "85-90\u00b0": {
          "mean_prob": 0.2772728204727173,
          "mean_uncertainty": 0.23487818241119385,
          "n": 7524
        }
      }
    }
  }
}