{
  "feature_lengthscales": {
    "sat_elevation": 2.2575926780700684,
    "elev_rate": 2.189985752105713,
    "z_score": 1.484971284866333,
    "log_z": 5.958958625793457,
    "harmonics": 9.056771278381348,
    "freq_deviation": 8.308294296264648,
    "hour_sin": 2.4294533729553223,
    "hour_cos": 2.418609380722046,
    "campaign_day": 2.3430895805358887
  },
  "ece_comparison": {
    "baseline_te_ece": 0.00012738140960481714,
    "enhanced_te_ece": 9.410616653019837e-05,
    "enhanced_val_ece": 2.3956917372987744e-05,
    "enhanced_auroc": 1.0,
    "delta": -3.3275243074618765e-05
  },
  "soft_analysis": {
    "mean_prob": 0.24987541139125824,
    "std_prob": 0.3437073528766632,
    "mean_uncertainty": 0.20555099844932556,
    "frac_above_half": 0.22878749400378115,
    "n_soft": 70878
  },
  "pass_level": {
    "total_passes": 5526,
    "positive_passes": 341,
    "threshold": {
      "precision": 1.0,
      "recall": 1.0,
      "f1": 1.0,
      "tp": 341,
      "fp": 0,
      "fn": 0
    },
    "gp_median": {
      "precision": 1.0,
      "recall": 0.9091,
      "f1": 0.9524,
      "tp": 310,
      "fp": 0,
      "fn": 31
    },
    "gp_max": {
      "precision": 1.0,
      "recall": 1.0,
      "f1": 1.0,
      "tp": 341,
      "fp": 0,
      "fn": 0
    }
  }
}