{
  "multi_seed_ablation": {
    "full": {
      "te_ece_mean": 9.994695501706227e-05,
      "te_ece_std": 4.953850525964513e-06,
      "val_ece_mean": 3.6529403105232844e-05,
      "val_ece_std": 4.453079415726261e-06,
      "seeds": [
        0.00010394758864901976,
        0.00010470017094856368,
        9.246278627906475e-05,
        0.00010300577252171333,
        9.561845668694972e-05
      ],
      "soft_mean_mean": 0.25173533260822295,
      "soft_mean_std": 0.007646708403332012
    },
    "no_elev": {
      "te_ece_mean": 9.931519218502497e-05,
      "te_ece_std": 7.260268284910661e-06,
      "val_ece_mean": 3.487962369017887e-05,
      "val_ece_std": 2.0785742089424736e-06,
      "seeds": [
        0.00010856854566107979,
        0.00010253279103975441,
        9.51074745693236e-05,
        0.00010279062988807915,
        8.757651976688791e-05
      ]
    },
    "spec_only": {
      "te_ece_mean": 9.931519218502497e-05,
      "te_ece_std": 7.260268284910661e-06,
      "val_ece_mean": 3.487962369017887e-05,
      "val_ece_std": 2.0785742089424736e-06,
      "seeds": [
        0.00010856854566107979,
        0.00010253279103975441,
        9.51074745693236e-05,
        0.00010279062988807915,
        8.757651976688791e-05
      ]
    },
    "single_rbf": {
      "te_ece_mean": 0.0005666277672170751,
      "te_ece_std": 7.425657531349701e-05,
      "val_ece_mean": 0.00015039389298228848,
      "val_ece_std": 1.7302437977652553e-05,
      "seeds": [
        0.0007031483004434903,
        0.0005731319856000885,
        0.0005248230249721601,
        0.0005477955253195613,
        0.0004842399997500758
      ]
    }
  },
  "soft_pass_validation": {
    "positive_pass": {
      "n": 9885,
      "mean_prob": 0.5231419801712036,
      "frac_above_half": 0.5292867981790592
    },
    "negative_pass": {
      "n": 60993,
      "mean_prob": 0.2055877298116684,
      "frac_above_half": 0.18008623940452184
    }
  },
  "baseline_ece_9feat": {
    "Threshold": 0.02313432257790721,
    "LogReg": 0.00021473975153890436,
    "MLP": 0.007063409127384704,
    "GP": 9.410616653019837e-05
  }
}