{
  "50-65\u00b0": {
    "n": 257,
    "AUROC": 1.0,
    "AUPRC": 1.0000000000000002,
    "ECE": 7.238033296022173e-05
  },
  "65-75\u00b0": {
    "n": 2600,
    "AUROC": 1.0,
    "AUPRC": 1.0,
    "ECE": 7.97524714051598e-05
  },
  "75-85\u00b0": {
    "n": 4713,
    "AUROC": 1.0,
    "AUPRC": 1.0,
    "ECE": 6.032303606910694e-05
  },
  "85-90\u00b0": {
    "n": 954,
    "AUROC": 1.0,
    "AUPRC": 1.0,
    "ECE": 8.878074395569165e-05
  }
}